country,binomial
Thailand,Aeromys tephromelas
Thailand,Anourosorex squamipes
Thailand,Aonyx cinereus
Thailand,Arctictis binturong
Thailand,Arctogalidia trivirgata
Thailand,Arctonyx collaris
Thailand,Arielulus aureocollaris
Thailand,Arielulus circumdatus
Thailand,Aselliscus stoliczkanus
Thailand,Atherurus macrourus
Thailand,Axis porcinus
Thailand,Balionycteris maculata
Thailand,Bandicota bengalensis
Thailand,Bandicota indica
Thailand,Bandicota savilei
Thailand,Belomys pearsonii
Thailand,Berylmys berdmorei
Thailand,Berylmys bowersi
Thailand,Bubalus arnee
Thailand,Callosciurus caniceps
Thailand,Callosciurus erythraeus
Thailand,Callosciurus finlaysonii
Thailand,Callosciurus inornatus
Thailand,Callosciurus nigrovittatus
Thailand,Callosciurus notatus
Thailand,Callosciurus phayrei
Thailand,Callosciurus prevostii
Thailand,Cannomys badius
Thailand,Capricornis milneedwardsii
Thailand,Capricornis sumatraensis
Thailand,Catopuma temminckii
Thailand,Chaerephon plicatus
Thailand,Cheiromeles torquatus
Thailand,Chimarrogale himalayica
Thailand,Chiromyscus chiropus
Thailand,Chironax melanocephalus
Thailand,Chiropodomys gliroides
Thailand,Chodsigoa parca
Thailand,Coelops frithii
Thailand,Coelops robinsoni
Thailand,Craseonycteris thonglongyai
Thailand,Crocidura attenuata
Thailand,Crocidura fuliginosa
Thailand,Crocidura hilliana
Thailand,Crocidura indochinensis
Thailand,Crocidura malayana
Thailand,Crocidura negligens
Thailand,Crocidura vorax
Thailand,Cuon alpinus
Thailand,Cynogale bennettii
Thailand,Cynopterus brachyotis
Thailand,Cynopterus horsfieldii
Thailand,Cynopterus sphinx
Thailand,Dendrogale murina
Thailand,Dremomys rufigenis
Thailand,Dyacopterus spadiceus
Thailand,Echinosorex gymnura
Thailand,Emballonura monticola
Thailand,Eonycteris spelaea
Thailand,Eothenomys melanogaster
Thailand,Eptesicus dimissus
Thailand,Eptesicus pachyotis
Thailand,Eptesicus serotinus
Thailand,Eudiscopus denticulus
Thailand,Euroscaptor klossi
Thailand,Falsistrellus affinis
Thailand,Felis chaus
Thailand,Galeopterus variegatus
Thailand,Glischropus tylopus
Thailand,Harpiocephalus harpia
Thailand,Helarctos malayanus
Thailand,Hemigalus derbyanus
Thailand,Herpestes javanicus
Thailand,Hesperoptenus blanfordi
Thailand,Hesperoptenus tickelli
Thailand,Hipposideros armiger
Thailand,Hipposideros ater
Thailand,Hipposideros bicolor
Thailand,Hipposideros cervinus
Thailand,Hipposideros cineraceus
Thailand,Hipposideros diadema
Thailand,Hipposideros dyacorum
Thailand,Hipposideros galeritus
Thailand,Hipposideros grandis
Thailand,Hipposideros halophyllus
Thailand,Hipposideros khaokhouayensis
Thailand,Hipposideros larvatus
Thailand,Hipposideros lekaguli
Thailand,Hipposideros lylei
Thailand,Hipposideros pomona
Thailand,Hipposideros ridleyi
Thailand,Hipposideros rotalis
Thailand,Hipposideros turpis
Thailand,Hylobates agilis
Thailand,Hylobates lar
Thailand,Hylobates pileatus
Thailand,Hylomys suillus
Thailand,Hylopetes alboniger
Thailand,Hylopetes phayrei
Thailand,Hylopetes platyurus
Thailand,Hylopetes spadiceus
Thailand,Hystrix brachyura
Thailand,Ia io
Thailand,Kerivoula hardwickii
Thailand,Kerivoula kachinensis
Thailand,Kerivoula minuta
Thailand,Kerivoula papillosa
Thailand,Kerivoula pellucida
Thailand,Kerivoula picta
Thailand,Kerivoula titania
Thailand,Kerivoula whiteheadi
Thailand,Lariscus insignis
Thailand,Leopoldamys ciliatus
Thailand,Leopoldamys edwardsi
Thailand,Leopoldamys neilli
Thailand,Leopoldamys sabanus
Thailand,Lepus peguensis
Thailand,Lutra lutra
Thailand,Lutra sumatrana
Thailand,Lutrogale perspicillata
Thailand,Macaca arctoides
Thailand,Macaca assamensis
Thailand,Macaca fascicularis
Thailand,Macaca leonina
Thailand,Macaca mulatta
Thailand,Macaca nemestrina
Thailand,Macroglossus minimus
Thailand,Macroglossus sobrinus
Thailand,Manis javanica
Thailand,Manis pentadactyla
Thailand,Martes flavigula
Thailand,Maxomys rajah
Thailand,Maxomys surifer
Thailand,Maxomys whiteheadi
Thailand,Megaderma lyra
Thailand,Megaderma spasma
Thailand,Megaerops ecaudatus
Thailand,Megaerops niphanae
Thailand,Melogale moschata
Thailand,Melogale personata
Thailand,Menetes berdmorei
Thailand,Mops mops
Thailand,Muntiacus feae
Thailand,Muntiacus muntjak
Thailand,Muntiacus vaginalis
Thailand,Murina aenea
Thailand,Murina aurata
Thailand,Murina cyclotis
Thailand,Murina harrisoni
Thailand,Murina suilla
Thailand,Murina tubinaris
Thailand,Mus caroli
Thailand,Mus cookii
Thailand,Mus fragilicauda
Thailand,Mus pahari
Thailand,Mus shortridgei
Thailand,Mustela kathiah
Thailand,Mustela nudipes
Thailand,Mustela sibirica
Thailand,Mustela strigidorsa
Thailand,Myotis altarium
Thailand,Myotis annectans
Thailand,Myotis ater
Thailand,Myotis chinensis
Thailand,Myotis hasseltii
Thailand,Myotis hermani
Thailand,Myotis horsfieldii
Thailand,Myotis montivagus
Thailand,Myotis muricola
Thailand,Myotis ridleyi
Thailand,Myotis rosseti
Thailand,Myotis siligorensis
Thailand,Naemorhedus griseus
Thailand,Neofelis nebulosa
Thailand,Niviventer confucianus
Thailand,Niviventer cremoriventer
Thailand,Niviventer fulvescens
Thailand,Niviventer hinpoon
Thailand,Niviventer langbianis
Thailand,Niviventer tenaster
Thailand,Nomascus gabriellae
Thailand,Nycteris tragata
Thailand,Nycticebus bengalensis
Thailand,Nycticebus coucang
Thailand,Nycticebus pygmaeus
Thailand,Paguma larvata
Thailand,Panthera pardus
Thailand,Panthera tigris
Thailand,Paradoxurus hermaphroditus
Thailand,Pardofelis marmorata
Thailand,Penthetor lucasi
Thailand,Petaurista elegans
Thailand,Petaurista petaurista
Thailand,Petaurista philippensis
Thailand,Petinomys genibarbis
Thailand,Petinomys setosus
Thailand,Philetor brachypterus
Thailand,Phoniscus atrox
Thailand,Phoniscus jagorii
Thailand,Pipistrellus cadornae
Thailand,Pipistrellus coromandra
Thailand,Pipistrellus javanicus
Thailand,Pipistrellus paterculus
Thailand,Pipistrellus pulveratus
Thailand,Pipistrellus stenopterus
Thailand,Pipistrellus tenuis
Thailand,Pithecheir parvus
Thailand,Presbytis femoralis
Thailand,Presbytis siamensis
Thailand,Prionailurus bengalensis
Thailand,Prionailurus planiceps
Thailand,Prionailurus viverrinus
Thailand,Prionodon linsang
Thailand,Prionodon pardicolor
Thailand,Pteromyscus pulverulentus
Thailand,Pteropus hypomelanus
Thailand,Pteropus intermedius
Thailand,Pteropus lylei
Thailand,Pteropus vampyrus
Thailand,Ptilocercus lowii
Thailand,Rattus andamanensis
Thailand,Rattus argentiventer
Thailand,Rattus exulans
Thailand,Rattus losea
Thailand,Rattus nitidus
Thailand,Rattus norvegicus
Thailand,Rattus tanezumi
Thailand,Rattus tiomanicus
Thailand,Ratufa affinis
Thailand,Ratufa bicolor
Thailand,Rhinolophus acuminatus
Thailand,Rhinolophus affinis
Thailand,Rhinolophus borneensis
Thailand,Rhinolophus coelophyllus
Thailand,Rhinolophus lepidus
Thailand,Rhinolophus luctus
Thailand,Rhinolophus macrotis
Thailand,Rhinolophus malayanus
Thailand,Rhinolophus marshalli
Thailand,Rhinolophus paradoxolophus
Thailand,Rhinolophus pearsonii
Thailand,Rhinolophus pusillus
Thailand,Rhinolophus robinsoni
Thailand,Rhinolophus shameli
Thailand,Rhinolophus siamensis
Thailand,Rhinolophus stheno
Thailand,Rhinolophus thomasi
Thailand,Rhinolophus trifoliatus
Thailand,Rhinolophus yunanensis
Thailand,Rhinosciurus laticaudatus
Thailand,Rhizomys pruinosus
Thailand,Rhizomys sumatrensis
Thailand,Rousettus amplexicaudatus
Thailand,Rousettus leschenaultii
Thailand,Rusa unicolor
Thailand,Saccolaimus saccolaimus
Thailand,Scotomanes ornatus
Thailand,Scotophilus heathii
Thailand,Scotophilus kuhlii
Thailand,Sphaerias blanfordi
Thailand,Suncus etruscus
Thailand,Suncus malayanus
Thailand,Suncus murinus
Thailand,Sundamys muelleri
Thailand,Sundasciurus hippurus
Thailand,Sundasciurus lowii
Thailand,Sundasciurus tenuis
Thailand,Symphalangus syndactylus
Thailand,Tadarida latouchei
Thailand,Tamiops macclellandii
Thailand,Tamiops maritimus
Thailand,Tamiops rodolphii
Thailand,Taphozous longimanus
Thailand,Taphozous melanopogon
Thailand,Taphozous theobaldi
Thailand,Tapirus indicus
Thailand,Trachypithecus barbei
Thailand,Trachypithecus germaini
Thailand,Trachypithecus obscurus
Thailand,Trachypithecus phayrei
Thailand,Tragulus kanchil
Thailand,Tragulus napu
Thailand,Tragulus williamsoni
Thailand,Tupaia belangeri
Thailand,Tupaia glis
Thailand,Tupaia minor
Thailand,Tylonycteris pachypus
Thailand,Tylonycteris robustula
Thailand,Ursus thibetanus
Thailand,Vandeleuria oleracea
Thailand,Viverra megaspila
Thailand,Viverra zibetha
Thailand,Viverricula indica
